[{"opacity":1,"colour":"#fdf6b4","id":892,"name":"Molasse","permeability":"Karstified","stratiUnitId":7},{"opacity":1,"colour":"#3fb79b","id":891,"name":"Cretaceous","permeability":"Karstified","stratiUnitId":8},{"opacity":1,"colour":"#6cd9e1","id":890,"name":"Malm","permeability":"Karstified","stratiUnitId":9},{"opacity":1,"colour":"#804040","id":893,"name":"Lower_Jurassic","permeability":"NonKarstified","stratiUnitId":10},{"opacity":1,"colour":"#aca4df","id":894,"name":"Lias","permeability":"NonKarstified","stratiUnitId":11},{"opacity":1,"colour":"#ffb56a","id":889,"name":"Triassic","permeability":"NonKarstified","stratiUnitId":12},{"opacity":1,"colour":"#000000","id":888,"name":"Dummy","permeability":"Undefined","stratiUnitId":0}]